title,company,location,job_type,date_posted,sector,description,level
Docteur en pharmacie,Pharmacie Gambetta,"114 Avenue Lamine Gueye, Dakar, Sénégal (à côté Centre commercial Touba Sandaga)",CDD,2025-05-19,Santé et Pharmaceutique,santé / pharmacie,Mid
Commercial Terrain,Tabasite,"Dakar, Sénégal",CDD,2025-05-19,Technologie et Numérique,vente / commerce ,Junior
Appel d’offres visant la sélection d’une compagnie d’assurance pour la prise en charge de la couverture maladie du personnel de MAG International,MAG International,"Dakar, Sénégal",Prestation de Services,2025-05-19,Finance et Assurance,administration / assurance ,
Community manager,"KaliaKalia est une société de construction, promotion et gestion immo","Point E, Dakar",Stage,2025-05-19,Technologie et Numérique, communication / digital,Junior
Agents en Prise de Rendez-vous (Déshumidificateur d’air),AMK CALL,"Zac Mbao, Cité Serigne Babacar Sy",Prestation de Services,2025-05-19,Service Client et Centres d'Appels, relation client / télévente,Junior
Superviseur/Responsable d’équipe en TLV,SHY Performance SénégalSHY Performance Sénégal,Sénégal,CDI,2025-05-19,Service Client et Centres d'Appels, gestion d'équipe / lead,Mid
Vendeur/se en boutique de luxe,SODILUXE,"Dakar, Sénégal",CDD,2025-05-19,Commerce et Vente,vente,Junior
Chargé.e D’Évaluation Senior,IMPACT Initiatives,"Dakar, Sénégal",CDD,2025-05-19,ONG et Développement International, data / évaluation,Senior
Analyste sénior,IMPACT Initiatives,"Dakar, Sénégal",CDD,2025-05-19,ONG et Développement International, data / analyse,Senior
Responsable contrôle de gestion,Topwork,"Dakar, Sénégal",CDD,2025-05-19,Recrutement et Ressources Humaines,gestion / lead,Senior
Formation – ONG EHI PARIS,ONG EHI Paris,"Almadies, Dakar",CDI,2025-05-19,ONG et Développement International, formation,
Sales & Field Operations Manager,RMO SN,"Dakar, Sénégal",CDD,2025-05-19,Recrutement et Ressources Humaines, gestion / opérations / vente,Senior
Operations & Logistics Manager,RMO SN,"Dakar, Sénégal",CDD,2025-05-19,Recrutement et Ressources Humaines,logistique / opérations / gestion,Senior
Customer Care Manager,RMO SN,"Dakar, Sénégal",CDD,2025-05-19,Service Client et Centres d'Appels, relation client / gestion,Senior
Finance Manager,RMO SN,"Dakar, Sénégal",CDD,2025-05-19,Finance et Assurance,"finance, gestion",Senior
HR Manager,RMO SN,"Dakar, Sénégal",CDD,2025-05-19,Recrutement et Ressources Humaines, ressources humaines / gestion,Senior
Chef Comptable,SERVTEC Sénégal,"Dakar, Sénégal",CDD,2025-05-19,Finance et Assurance, finance / comptabilité,Senior
Responsable chargé d’investissement et de financement,CCBM,"Dakar, Sénégal",CDD,2025-05-19,Finance et Assurance,finance / investissement,Senior
Responsable événement et animation,CCBM,"Dakar, Sénégal",CDD,2025-05-19,Marketing et Communication, communication / événementiel,Mid
Agent commercial de terrain,Mandarine,"Dakar, Sénégal",CDD,2025-05-19,Commerce et Vente,commerce / marketing,Junior
Chef Comptable,Enko Education,"Dakar, Sénégal",CDD,2025-05-19,Finance et Assurance,finance / comptabilité,Senior
Professeur SVT,CSMH,"Dakar, Sénégal",CDD,2025-05-19,Éducation et Formation, éducation / enseignement,Mid
Coordinateur Pédagogique et Educatif,CSMH,"Dakar, Sénégal",CDD,2025-05-19,Éducation et Formation, éducation / coordination,Senior
HCD Center Program Manager,CorpsAfrica,"Dakar, Sénégal",CDD,2025-05-19,ONG et Développement International,gestion de projet,Senior
"Regional Associate – Malaria Management, Strategy and Financing Malaria and NTDs",CHAI,"Dakar, Sénégal",CDD,2025-05-19,Santé et Pharmaceutique,santé publique / gestion,Mid
Consultant Confirmé Stratégie et Opérations,Deloitte,"Dakar, Sénégal",CDD,2025-05-19,Conseil et Services Professionnels,consulting / stratégie / opérations,Senior
Business développeur,"OLAM 'SocietyVotre suivi , notre préoccupation !!!","Dakar, Sénégal",Freelance,2025-05-19,Agriculture et Agroalimentaire,commerce / gestion / business development,Mid
Chauffeur VTC,B_Transport,Sénégal,Stage,2025-05-19,Transport et Logistique, transport / logistique,Intern
Commerciaux,Une compagnie d'assurance et banque,"Dakar, Sénégal",CDI,2025-05-19,Finance et Assurance,vente / commerce ,Junior
"Stage d’adaptation, Stage académique ou scolaire – Non rémunéré",Grazeina Technologies,"LIberté 6 Extension VDN, Dakar, Sénégal",Stage,2025-05-19,Technologie et Numérique,informatique / tech,Intern
Assistant(e) Technico-commercial(e) Réseaux Systèmes,Grazeina TechnologiesDisponibilité immédiate et a temps plein,"Liberté 6 Extension, VDN, Dakar, Sénégal",CDD,2025-05-18,Technologie et Numérique,"commerce / marketing, informatique / tech",Junior
Standardiste expérimenté(e) chargé(e) de la clientèle,GRAZEINA TECHNOLOGIES,"LIberté 6 Extension, VDN, Dakar, Sénégal",CDD,2025-05-18,Service Client et Centres d'Appels,"services, relation client, communication",Junior
Pharmacien,Group Eric Favre Invest,"Dakar, Sénégal",CDI,2025-05-17,Santé et Pharmaceutique,santé / pharmacie,Mid
Agents centre d’appel,Performance C,"Dakar, Sénégal",CDD,2025-05-17,Service Client et Centres d'Appels, relation client / call center,Junior
Recrutement Cabinet ou Equipe de Consultants pour Etude Genre et Inclusion Sociale dans la chaine de valeur du lait local du Programme MELITEJI WASU au Senegal,"La Laiterie du BergerGueum Gueum, Royukaay, Performer",Sénégal,Prestation de Services,2025-05-16,Recrutement et Ressources Humaines,consulting / stratégie / opérations / agroalimentaire,Senior
HR Specialist,Dexintec SenegalFINTECH,"Dakar, Sénégal",CDD,2025-05-16,Finance et Assurance,"ressources humaines / gestion, finance, informatique / tech",Mid
Superviseur Archiviste,Sunda InternationalFaire de grandes réalisations sur la vaste plate-forme mondiale.,"Dakar, Sénégal",CDD,2025-05-16,ONG et Développement International,ONG / gestion de projet,Mid
Commercial(e),Elite RHCabinet de recrutement,"Dakar, Sénégal",Stage,2025-05-16,Technologie et Numérique,"commerce / marketing, informatique / tech",Junior
Chauffeur(e)- partenaire,Leave Sénégal,Sénégal,Prestation de Services,2025-05-16,Transport et Logistique, transport / logistique,Junior
Commercial / Immobilier,MSTAL SA,"Rufisque en face de Avisen, Dakar, Sénégal",CDD,2025-05-16,Commerce et Vente,commerce / marketing,Junior
"Consultant chargé de la sensibilisation et de l’engagement des parties prenantes pour l’adoption de l’application « Prescribing Companion » ou « Assistant de Prescription », en santé humaine et animale",Fondation Mérieux,"Dakar, Sénégal",Prestation de Services,2025-05-16,Santé et Pharmaceutique,gestion / consulting,Mid
Référent logistique,Solthis,"Dakar, Sénégal",CDD,2025-05-16,ONG et Développement International,logistique,Mid
Attaché(e) aux affaires culturelles et éducatives,Délégation générale du Québec à Dakar,"Dakar, Sénégal",CDD,2025-05-16,Éducation et Formation,administration / culture / éducation,Mid
Spécialiste en éducation aux médias et jeunesse,GIZ,"Dakar, Sénégal",CDD,2025-05-16,ONG et Développement International, éducation / consulting / gestion de projet,Mid
Chargé de Communication digitale,Profil SN,"Dakar, Sénégal",CDD,2025-05-16,Technologie et Numérique, communication / digitale,Mid
Technicien.ne administratif.ve et comptable,ZedPay,"Dakar, Sénégal",CDD,2025-05-16,Finance et Assurance, finance / comptabilité / administration,Junior
Responsable marketing,Institut Pasteur de Dakar,"Dakar, Sénégal",CDD,2025-05-16,Santé et Pharmaceutique, commerce / marketing / lead ,Senior
Agent de d’entretien de bureaux,Forum des Educatrices Africaines (FAWE),"Sacrée cœur, Villa 177, Dakar",Prestation de Services,2025-05-16,ONG et Développement International,entretien ,Junior
"Chargé(e) du suivi, évaluation, apprentissage et redevabilité (SEAR) du projet Voix et leadership des femmes renouvelé (vlfr)",Oxfam,"Dakar, Sénégal",CDD,2025-05-16,ONG et Développement International,gestion de projet,Mid
Chargé(e) des Finances et des subventions du projet Voix et leadership des femmes renouvele (vlfr),Oxfam America,"Dakar, Sénégal",CDD,2025-05-16,Finance et Assurance,finance / lead,Mid
Responsable Marketing & Communication,Afrety,"Dakar, Sénégal",CDD,2025-05-16,Transport et Logistique,"commerce / marketing, communication",Senior
Project Officer,UNESCO,"Dakar, Sénégal",CDD,2025-05-16,ONG et Développement International,gestion de projet,Mid
Chef comptable,SERVTEC Sénégal,"Dakar, Sénégal",CDD,2025-05-16,Finance et Assurance, finance / comptabilité,Senior
Programme Manager,IOM,"Dakar, Sénégal",CDD,2025-05-16,ONG et Développement International,gestion de projet,Senior
Télévendeurs expérimentés,Société de la place,"Dakar, Sénégal",CDD,2025-05-16,Service Client et Centres d'Appels,télévente,Mid
"Business Developer H/F (Zones Nord, Centre et Sud)",Hygrospec,Sénégal,CDD,2025-05-15,Technologie et Numérique,business development ,Mid
Caissière,SENJABA,"Cité Gadaye, Guédiawaye",Prestation de Services,2025-05-15,Commerce et Vente,vente,Junior
Commercial(e) Séminaire expérimenté(e),Hôtel le Ndiambour,"Dakar, Sénégal",CDD,2025-05-15,Commerce et Vente,commerce / marketing / vente,Mid
Communications Officer – PINGS,Nutrition International,"Dakar, Sénégal",CDD,2025-05-15,ONG et Développement International,communication / lead,Mid
Chauffeur Livreur,"MG TransportVotre succès en relation client, notre mission","Ouest Foire Marché serigne fallou, Dakar, Sénégal",CDD,2025-05-15,Service Client et Centres d'Appels,transport,Junior
Monitoring and reporting Analyst,UN Women,"Dakar, Sénégal",CDD,2025-05-15,ONG et Développement International,informatique / tech / data / évaluation,Mid
Roster Evaluation Consultant,UN Women,"Dakar, Sénégal",CDD,2025-05-15,ONG et Développement International,"consulting, suivi évaluation",Senior
Experte Mobilisation de Ressources pour le Développement Chaines de Valeurs agricoles en Afrique de l’Ouest,UN Women,"Dakar, Sénégal",CDD,2025-05-15,ONG et Développement International,ong humanitaire gestion de projet agricole,Senior
Vente de nems,Seck Business ServicesConstruisons ensemble votre succès,"Keur Massar, Dakar, Sénégal",Freelance,2025-05-15,Commerce et Vente, vente,Junior
Programme Associate,UN Women,"Dakar, Sénégal",CDD,2025-05-15,ONG et Développement International,gestion de projet,Junior
Chauffeur,UN Women,"Dakar, Sénégal",CDD,2025-05-15,ONG et Développement International, transport / ONG,Junior
Coordination Analyst,UN Women,"Dakar, Sénégal",CDD,2025-05-15,ONG et Développement International,gestion / coordination ,Mid
Camp de codage,UN Women,"Dakar, Sénégal",CDD,2025-05-15,ONG et Développement International, formation tech,
Responsable Services Support,ACF International,"Dakar, Sénégal",CDD,2025-05-15,ONG et Développement International,lead support,Senior
Manager Systems,Marriott International,"Dakar, Sénégal",CDD,2025-05-15,Hôtellerie et Tourisme, gestion systemes,Senior
Assistante Administrative,GPF,"Dakar, Sénégal",CDD,2025-05-15,Recrutement et Ressources Humaines,administration ,Junior
Chargé (e) de l’expérience client,"KaliaKalia est une société de construction, promotion et gestion immo","Dakar, Sénégal",CDD,2025-05-15,Service Client et Centres d'Appels,relation client ,Mid
Superviseur de Production Bilingue,Sunda InternationalFaire de grandes réalisations sur la vaste plate-forme mondiale.,"Mbour, Sindia",CDD,2025-05-15,Commerce et Vente,lead production,Mid
Intégrateurs Web polyvalents – Agence Digitale,SENEGAL LEADS,"Point E, Immeuble Ordre des Pharmaciens, Rue de Thies Angle rue de kaolak-Dakar",CDD,2025-05-15,Service Client et Centres d'Appels,informatique / tech,Junior
Technicien conducteur de Process,"La Laiterie du BergerGueum Gueum, Royukaay, Performer","Sandiara, Sénégal",CDI,2025-05-15,Technologie et Numérique,informatique / tech processus,Junior
Responsable Commercial Showroom,Importante Société de la Place,"Mbour, Sénégal",CDD,2025-05-15,Commerce et Vente,commerce / marketing / lead,Senior
Chef de Production Agricole,Malaika Holdings,"Yenne, Rufisque",CDD,2025-05-14,Agriculture et Agroalimentaire,agroalimentaire / production agricole,Senior
Commercial B2B (Services Informatiques),Une agence en place,"Dakar, Sénégal",Freelance,2025-05-14,Technologie et Numérique,commerce / marketing b2b,Mid
Superviseur Food Safety,"La Laiterie du BergerGueum Gueum, Royukaay, Performer",Sandiara,CDI,2025-05-14,Agriculture et Agroalimentaire,ingenierie alimentaire sécurité qhse,Mid
Tests Lead en Automatisation des Tests,Agiltoo,"Ouest Foire, Dakar",CDD,2025-05-14,Technologie et Numérique,informatique / tech / test qualité,Senior
Téléconseiller CPF,RESELFORM SARL,"Dakar, Sénégal",CDD,2025-05-14,Service Client et Centres d'Appels,télévente,Junior
Commercial terrain,NFD CompagniePour un éclat durable,"Cité Fadia, Dakar, Sénégal",Prestation de Services,2025-05-14,Commerce et Vente,commerce / marketing / vente,Junior
Responsable commercial,WANATRACK,"Bourguiba, Dakar, Sénégal",CDI,2025-05-14,Transport et Logistique,commerce / marketing,Senior
Chef de projet,Une entreprise de la place,"Dakar, Sénégal",CDI,2025-05-14,Autre,gestion de projet,Senior
Chargé(e) de projet Web,SENEGAL LEADS,"Dakar, Sénégal",CDD,2025-05-14,Service Client et Centres d'Appels,gestion de projet / tech / informatique,Mid
Chef d’Agence,International Staffing Company,"Dakar, Sénégal",CDD,2025-05-14,Recrutement et Ressources Humaines,gestion / lead,Senior
Commercial B2B,Une société de la place,"Dakar, Senegal",CDD,2025-05-14,Commerce et Vente,commerce / marketing,Mid
Administrateur de programme principal,CRDI,"Dakar, Sénégal",CDD,2025-05-14,ONG et Développement International,administration / gestion de projet,Senior
Spécialiste de Programme principal,CRDI,"Dakar, Sénégal",CDD,2025-05-14,ONG et Développement International,gestion de projet,Senior
Business Developer Freelance,Sendigital Solutions,"Dakar, Sénégal",CDD,2025-05-14,Technologie et Numérique,business development,Mid
Superintendant Rehabilitation,Eramet,"Dakar, Sénégal",CDD,2025-05-14,Énergie et Mines,"gestion environnement, mines",Senior
Stage – Assistant-e Service Mobilité Et Gestion De Carriere,MSF Sénégal,"Dakar, Sénégal",Stage,2025-05-14,ONG et Développement International,gestion / informatique / rh,Junior
Assistant(e) Achat Bilingue,Sunda InternationalFaire de grandes réalisations sur la vaste plate-forme mondiale.,"Mbour, Sindia",CDD,2025-05-14,Commerce et Vente,vente / commerce,Junior
Agents Commerciaux,Sunda InternationalFaire de grandes réalisations sur la vaste plate-forme mondiale.,"Cambérene, Dakar, Sénégal",CDD,2025-05-14,Commerce et Vente,vente / commerce,Junior
Territory Manager (Attaché(e) Commercial(e) de Zone),Vivo Energy,"Dakar, Sénégal",CDD,2025-05-14,Commerce et Vente,"gestion, commerce / marketing",Senior
Sales Administrator – English & French,AZA Finance,"Dakar, Sénégal",CDD,2025-05-14,Finance et Assurance,finance / anglais / administration / vente,Junior
Diesel Engine Senior Technician,SERVTEC,"Dakar, Sénégal",CDI,2025-05-14,Technologie et Numérique,ingénierie / technique / énergie / maintenance,Senior
Responsable d’Investissements,Michael Page,"Dakar, Sénégal",CDD,2025-05-14,Finance et Assurance,finance / gestion d'actifs,Senior
Développeur fullstack,Senumerik,"Dakar, Sénégal",Stage,2025-05-14,Technologie et Numérique,informatique / tech,Mid
Chargé(e) de Recrutement et de Formation,"AMD CorporateAdvising, Managing and Developing Corporate","Dakar, Sénégal",CDD,2025-05-14,Recrutement et Ressources Humaines,recrutement / formation / rh,Mid
Chargé(e) création de contenu / Community Manager,Grazeina Technologies,LIberté 6 Extension VDN,CDD,2025-05-14,Technologie et Numérique,communication / informatique / marketing digital,Mid
Conducteurs d’engins pour le Canada,"AMD CorporateAdvising, Managing and Developing Corporate",Canada,CDD,2025-05-14,Recrutement et Ressources Humaines,international / transport,Junior
Dessinateur (trice),INTUITION AFRICA,"Dakar, Sénégal",Prestation de Services,2025-05-13,BTP et Génie Civil,artist / design / architecte,Junior
Commercial pour la vente de portes blindées,"Arrow Home GroupVotre maison, notre passion",Rue me 12 Malick Sy Dakar,Prestation de Services,2025-05-13,BTP et Génie Civil,commerce / marketing,Junior
Commerciaux terrain,DIGITASSURE,"Dakar + Banlieue (Grand Yoff, Pikine, Guédiawaye, Rufisque, etc.)",Freelance,2025-05-13,Finance et Assurance,commerce / marketing,Junior
Agent de sécurité,Fouta Poids Lourds,"Rond point Zac Mbao, Dakar, Sénégal",CDD,2025-05-13,Transport et Logistique,sécurité,Junior
Offre de Stage – Business Developer,PSV Operations,Remote,Stage,2025-05-13,Technologie et Numérique,business development,Junior
Offre de Stage – Marketing & Design Graphique,PSV Operations,Remote,Stage,2025-05-13,Commerce et Vente,commerce / marketing / design,Junior
Chargé(e) production et approvisionnement,ArrawTech,"Fann, Dakar, Sénégal",Stage,2025-05-13,Technologie et Numérique,production alimentaire / gestion,Mid
Télévendeur – Courtier en Assurance,Santé Malin,"Dakar, Sénégal",CDD,2025-05-13,Finance et Assurance, assurance / santé,Mid
Consultancy – WASH Innovative Finance Specialist,UNICEF,"Dakar, Sénégal",CDD,2025-05-13,Finance et Assurance, finance / consultance,Senior
Program Development Manager,RMO Sénégal,"Dakar, Sénégal",CDD,2025-05-13,Recrutement et Ressources Humaines, gestion de projet,Senior
Graduate Program – Ingénieur(e) Travaux F/H,VINCI Construction,"Dakar, Sénégal",CDI,2025-05-13,BTP et Génie Civil, ingénierie / BTP,Junior
Senior Airport Services Agent,Emirates,"Dakar, Sénégal",CDD,2025-05-13,Transport et Logistique, logistique / transport / service client / aviation,Senior
Graphiste Print et Digital,ALIMA,"Dakar, Sénégal",CDD,2025-05-13,ONG et Développement International, design / communication / tech / digital,Junior
Agents de sécurité,Axess Sécurité,"Liberté 6, en face UNO",Stage,2025-05-13,Autre, sécurité / surveillance,Junior
Gérant de Poissonnerie – Spécialiste Documentation Export,Dailycatch.app,"Hann Maristes, Dakar, Sénégal",CDD,2025-05-13,Agriculture et Agroalimentaire,export / agroalimentaire / gestion,Senior
"Regional Officer, Air Transport Development/Implementation Support",ICAO South American Regional Office,"Dakar, Sénégal",CDD,2025-05-13,Transport et Logistique, aviation / transport / gestion,Mid
Learning and culture Intern,Heifer International,"Dakar, Sénégal",Stage,2025-05-13,ONG et Développement International, RH / formation,Junior
Economiste,FMI,"Dakar, Sénégal",CDD,2025-05-13,Finance et Assurance,économie / finance / recherche,Mid
Chauffeur,FMI,"Dakar, Sénégal",CDD,2025-05-13,ONG et Développement International, logistique / transport,Junior
Senior Gender and Economic Inclusion Investment / Operations Officer,IFC,"Dakar, Sénégal",CDD,2025-05-13,Finance et Assurance,finance / inclusion / développement ,Senior
Human Ressources Business Partner (HRBP),Sunda InternationalFaire de grandes réalisations sur la vaste plate-forme mondiale.,Sindia dans la région de Thiès,CDD,2025-05-12,Commerce et Vente, RH / gestion du personnel,Senior
Developpeur / Developpeuse WordPress,DACCORD SITUATIONDO MORE,"Dakar, Sénégal",CDD,2025-05-12,Technologie et Numérique,informatique / tech,Mid
Téléprospecteur Freelance – Travail à distance – Commission uniquement,ADPPromotion du freelancing,"Saly, Sénégal",Freelance,2025-05-12,Service Client et Centres d'Appels,vente / télévente,Junior
Téléconseillers expérimentés,SHY Performance SénégalSHY Performance Sénégal,"Mermoz, Les Voies de l'Alternance",CDD,2025-05-12,Service Client et Centres d'Appels,service client,Mid
Agent Commercial,Holly Trans Limited,"Médina, Dakar, Sénégal",Stage,2025-05-12,Transport et Logistique,commerce / marketing,Junior
Technicien Télécoms,Afric Management,"Matam, Sénégal",CDD,2025-05-12,Technologie et Numérique, télécoms / ingénierie,Junior
OPC,Atyx,"Dakar, Sénégal",CDD,2025-05-12,BTP et Génie Civil,BTP / ingénierie / coordination,Mid
Resource Development & Management Advisor,World Vision International,"Dakar, Sénégal",CDD,2025-05-12,ONG et Développement International, gestion de projets,Senior
Country Growth Operations Lead,Wave,"Dakar, Sénégal",CDD,2025-05-12,Finance et Assurance,stratégie / opérations,Senior
Country Launcher,Wave,"Dakar, Sénégal",CDD,2025-05-12,Finance et Assurance, business development / stratégie / opérations,Senior
Agent technique opérationnel et activités externalisées,GBG,"Dakar, Sénégal",CDD,2025-05-12,Service Client et Centres d'Appels,technique / support / opérations / relation client,Junior
Responsable animation marketing et activation sponsoring,GBG,"Dakar, Sénégal",CDD,2025-05-12,Recrutement et Ressources Humaines,marketing / événementiel / communication,Senior
Assistant RH chargé de la paie,GBG,"Dakar, Sénégal",CDD,2025-05-12,Recrutement et Ressources Humaines,RH ,Junior
Technicien contrôle opérationnel et fraude,GBG,"Dakar, Sénégal",CDD,2025-05-12,Finance et Assurance, finance ,Junior
Procurement & Contract Management Consultant,Islamic Development Bank (IsDB),"Dakar, Sénégal",CDD,2025-05-12,Finance et Assurance,rh,Senior
Operations Analyst Consultant,Islamic Development Bank (IsDB),"Dakar, Sénégal",CDD,2025-05-12,Finance et Assurance, finance / opérations / consultance,Senior
Commercial Sénior,GPF,"Dakar, Sénégal",CDI,2025-05-12,Recrutement et Ressources Humaines,commerce / marketing ,Senior
Technico-Commercial BTP,RMO Sénégal,"Dakar, Sénégal",CDD,2025-05-12,Technologie et Numérique,commerce / marketing / btp,Mid
Ingénieur Bureau d’étude électrique (chiffreur ayant exercé en bureau d’étude),ETSETS est une société de prestations de services évoluant égalemen,"Cité Keur Gorgui, Dakar, Sénégal",CDD,2025-05-12,BTP et Génie Civil, ingénierie / BTP / electricité,Mid
Responsable QHSE – BTP,Batichimie,"Dakar, Sénégal",CDD,2025-05-12,BTP et Génie Civil,gestion / management / QHSE,Senior
Directeur Technique (H/F) – BTP,Batichimie,"Dakar, Sénégal",CDD,2025-05-12,Technologie et Numérique,gestion / management / btp,Senior
Directeur Exécutif – BTP,Batichimie,"Dakar, Sénégal",CDD,2025-05-12,BTP et Génie Civil,gestion / management / btp,Senior
Coordonnateur (trice) national (e) de projet,OIT,"Dakar, Sénégal",CDD,2025-05-09,ONG et Développement International,gestion de projet / management ,Senior
Programme Assistant Nutrition,WFP,"Dakar, Sénégal",CDD,2025-05-09,ONG et Développement International,gestion de projet / nutrition ,Junior
Agent HSE,Teranga Manpower,"Matam, Sénégal",CDD,2025-05-09,Recrutement et Ressources Humaines,qhse / ,Junior
Comptable,Teranga Manpower,"Matam, Sénégal",CDD,2025-05-09,Finance et Assurance,finance / comptabilité,Mid
Assistant(e) de direction (Bilingue),Afri RH,"Dakar, Sénégal",CDD,2025-05-09,Recrutement et Ressources Humaines,administration,Junior
Senior ERP Analayst,Topwork,"Dakar, Sénégal",CDD,2025-05-09,Technologie et Numérique,informatique / tech,Senior
Chargé (e) de communication (Bilingue),Afri RH,"Dakar, Sénégal",CDD,2025-05-09,Recrutement et Ressources Humaines,communication ,Mid
Programme and Policy Manager (Bilingue),Afri RH,"Dakar, Sénégal",CDD,2025-05-09,Recrutement et Ressources Humaines,gestion / management / recrutement,Senior
Chargé.e des financements institutionnels et des partenariats sous-régional,Secours Islamique,"Dakar, Sénégal",CDD,2025-05-09,Finance et Assurance,finance / consultance,Senior
Driver,UN Women,"Dakar, Sénégal",CDD,2025-05-09,ONG et Développement International,transport ,Junior
Procurement and Logistics Assistant (Maternity Cover),IOM,"Dakar, Sénégal",CDD,2025-05-09,ONG et Développement International,logistique ,Junior
Communication Specialist Consultant,UN Women,"Dakar, Sénégal",CDD,2025-05-09,ONG et Développement International,communication / consultance,Senior
Chef d’atelier,GPF,"Dakar, Sénégal",CDD,2025-05-09,Recrutement et Ressources Humaines,gestion / management,Senior
Controleur Qualité,"La Laiterie du BergerGueum Gueum, Royukaay, Performer","Sandiara, Dakar, Sénégal",CDI,2025-05-08,Agriculture et Agroalimentaire,production alimentaire / gestion / qhse,Mid
Technico Commercial,ENERGIA,"Dakar, Sénégal",CDI,2025-05-08,Technologie et Numérique,commerce / marketing / technique,Mid
Agent marketing et affichage,Société sambe marketing,"Dakar, Sénégal",CDD,2025-05-08,Technologie et Numérique,commerce / marketing,Junior
Graphiste designer,Société sambe marketing,Sénégal,CDD,2025-05-08,Marketing et Communication,design / marketing,Junior
Technico-Commerciaux,SMART ENERGIESConception et confection d'armoires électriques,Sénégal,CDD,2025-05-08,Technologie et Numérique,commerce / marketing,Mid
Agent d’élevage expérimenté,Agence Hybride.,"Noto, Thiès, Sénégal",Prestation de Services,2025-05-08,Agriculture et Agroalimentaire,agriculture / élevage,Mid
Chargé de la Clientèle,Prepdia,"Liberté 6, VDN",CDD,2025-05-08,Service Client et Centres d'Appels,commerce / relation client,Mid
Technicien Maintenance,Laiterie du Berger Entreprise Agro alimentaire,"Sandiara, Sénégal",CDD,2025-05-08,Technologie et Numérique, technique / maintenance,Junior
Regional Finance Manager SAHEL,Heifer International,"Dakar, Sénégal",CDD,2025-05-08,Finance et Assurance,finance /gestion,Senior
Regional MEL Manager SAHEL,Heifer International,"Dakar, Sénégal",CDD,2025-05-08,ONG et Développement International,gestion,Senior
Equipment Maintenance Technician,Maersk,"Dakar, Sénégal",CDD,2025-05-08,Technologie et Numérique,technique / maintenance / equipement,Junior
Technico-Commercial Chimie (Segment traitement des eaux et mines),SOLEVO Group,"Dakar, Sénégal",CDI,2025-05-08,Technologie et Numérique,commerce / marketing / technique,Mid
Graduate Associate Intern,Tony Blair Institute,"Dakar, Sénégal",Stage,2025-05-08,ONG et Développement International,ONG,Junior
"Finance Lead, WAEMU",Mastercard Foundation,"Dakar, Sénégal",CDD,2025-05-08,Finance et Assurance,finance,Senior
Commercial immobilier,Green CitySociété de promotion immobiliére,"Mermoz, Dakar, Sénégal",CDD,2025-05-08,Commerce et Vente,commerce / marketing / immobilier,Mid
Responsable Placement et Etude Statistique Sante & Vie,WTW,"Dakar, Sénégal",CDD,2025-05-08,Finance et Assurance,statistique / gestion,Senior
Guest Experience Expert,Marriott International,"Dakar, Sénégal",CDD,2025-05-08,Hôtellerie et Tourisme,service client / hôtellerie,Mid
Coordonnateur(trice) du projet Voix et leadership des femmes renouvele (vlfr),Oxfam America,"Dakar, Sénégal",CDD,2025-05-08,ONG et Développement International, ONG / gestion de projet,Senior
Développeur WordPress,NetSysteme Informatique,"Dakar, Sénégal",Stage,2025-05-08,Technologie et Numérique,informatique / tech,Mid
(04) Conseillers call-center,NetSysteme Informatique,"Dakar, Sénégal",Stage,2025-05-08,Service Client et Centres d'Appels,télévente,Junior
(04) Commerciaux de terrain,NetSysteme Informatique,"Dakar, Sénégal",CDD,2025-05-08,Technologie et Numérique, commerce / marketing,Junior
Télévendeur,PHONIX-GROUP,"Cité Keur Goorgui, Dakar, Sénégal",CDD,2025-05-08,Service Client et Centres d'Appels,télévente / vente,Junior
(04) Techniciens en électricité bâtiment,Netsysteme Informatique,"Ouest foire, Dakar , Sénégal",Stage,2025-05-08,Technologie et Numérique, technique / maintenance / btp / ingenieurie,Junior
Superviseur Comptable Bilingue,Sunda InternationalFaire de grandes réalisations sur la vaste plate-forme mondiale.,"Cambérene, Dakar, Sénégal",CDD,2025-05-07,Finance et Assurance, finance / comptabilité / gestion,Mid
Stage en Gestion de projets climatiques,"Global TalentVotre Réussite, Notre Vision.","Dakar, Sénégal",Stage,2025-05-07,Recrutement et Ressources Humaines, gestion de projet / environnement,Junior
Responsable administratif et financier,Topwork,"Sindia, Sénégal",CDD,2025-05-07,Finance et Assurance, finance / gestion,Senior
Responsable Trade marketing,Topwork,"Dakar, Sénégal",CDD,2025-05-07,Recrutement et Ressources Humaines,commerce / marketing,Senior
Contrôleur Interne de Gestion,Société de la place,Sénégal,CDD,2025-05-07,Autre,gestion,Senior
Animal Health Consultant,FAO,"Dakar, Sénégal",CDD,2025-05-07,Santé et Pharmaceutique,santé animale / ONG / consultance,Senior
F&B Service Expert,Four Points,"Dakar, Sénégal",CDD,2025-05-07,Hôtellerie et Tourisme, hôtellerie / restauration,Mid
Ingénieur,RMO Sénégal,"Dakar, Sénégal",CDD,2025-05-07,Recrutement et Ressources Humaines,bâtiment / ingénierie,Mid
"Senior Associate, Regional Procurement, Vaccines Market Team",CHAI,"Dakar, Sénégal",CDD,2025-05-07,Santé et Pharmaceutique,gestion de projet / santé ,Senior
Gestionnaire Comptable,Société de la place,"Dakar, Sénégal",CDD,2025-05-07,Finance et Assurance, finance / gestion / comptabilité,Mid
Agent HSE,GPF,"Dakar, Sénégal",CDD,2025-05-07,Recrutement et Ressources Humaines,qhse,Junior
Assistant de Production,GPF,"Dakar, Sénégal",CDD,2025-05-07,Recrutement et Ressources Humaines,production / industrie,Junior
Stage Infographie,INFOCOM SERVICES GROUPE,"Dakar, Sénégal",Stage,2025-05-07,Technologie et Numérique, infographie / design,Junior
Agent(e) de Vente de Services de Location de Voitures et Taxi,Yango,"Hann Maristes, Dakar, Sénégal",CDD,2025-05-07,Transport et Logistique,commerce / marketing / transport,Junior
Business Developer (Homme/Femme),TooMorrow Agency,Sénégal,Freelance,2025-05-07,Technologie et Numérique,business development,Mid
Livreur Moto,James Services,"Rond Point Jet d'eau, Dakar, Sénégal",Prestation de Services,2025-05-07,Transport et Logistique,logistique / transport,Junior
Stagiaire Contrôle qualité,DBLU GROUP SAS,"Mermoz, Dakar, Sénégal",Stage,2025-05-06,Commerce et Vente, qualité / mode / stylisme,Junior
Responsable Marketing et Stratégie,Carlcare Technology,"Dakar, Sénégal",CDD,2025-05-06,Technologie et Numérique,marketing / stratégie,Senior
Superviseur de Projets,Teranga Manpower,"Dakar, Sénégal",CDD,2025-05-06,Recrutement et Ressources Humaines, gestion de projets,Senior
Stagiaire Infographe – Cameraman – Monteur,DESIGNERGO,Sénégal,Stage,2025-05-06,Technologie et Numérique,infographie / audiovisuel,Junior
Journaliste attaché de presse,4helpg,Sénégal,CDD,2025-05-06,Marketing et Communication, communication / journalisme,Mid
(08) Chauffeurs – urgent,"AMD CORPORATEAdvising, Managing and Developing Corporate",Sénégal,CDD,2025-05-06,Recrutement et Ressources Humaines,logistique / transport,Junior
Business Developement Assistant,BEOPENIT,"Dakar, Sénégal",Prestation de Services,2025-05-06,Technologie et Numérique,informatique / tech / business development,Junior
Personnel Logistics & HR Admin Assistant,MODEC,"Dakar, Sénégal",CDD,2025-05-06,Transport et Logistique,ressources humaines / logistique,Junior
Onshore Operation Engineer Junior,MODEC,"Dakar, Sénégal",CDD,2025-05-06,Énergie et Mines,ingénierie / opérations,Junior
Offshore Production Operator,MODEC,"Dakar, Sénégal",CDD,2025-05-06,Énergie et Mines,production / opérations,Junior
Junior SRE,Djamo,"Dakar, Sénégal",CDD,2025-05-06,Finance et Assurance,informatique / tech,Junior
Test Automation Engineer,Djamo,"Dakar, Sénégal",CDD,2025-05-06,Finance et Assurance,informatique / tech,Mid
Chef transit,Topwork,"Dakar, Sénégal",CDD,2025-05-06,Recrutement et Ressources Humaines, logistique / supply chain,Senior
(02) Déclarants signataires,Topwork,"Dakar, Sénégal",CDD,2025-05-06,Recrutement et Ressources Humaines,commerce / douane,Mid
02 Déclarants en douane,Topwork,"Dakar, Sénégal",CDD,2025-05-06,Recrutement et Ressources Humaines,commerce / douane,Mid
Chargé.e d’Évaluation Senior,IMPACT Initiatives,"Dakar, Sénégal",CDD,2025-05-06,ONG et Développement International, informatique / évaluation,Senior
Téléprospecteurs en rénovation d’ampleur,MMS Contact,Télétravail,Prestation de Services,2025-05-06,Finance et Assurance, commerce / télévente,Mid
Assistant IPM (stage),International Staffing Company,"Dakar, Sénégal",Stage,2025-05-06,ONG et Développement International,ONG / humanitaire / rh,Junior
Captain,Marriott International,"Dakar, Sénégal",CDD,2025-05-06,Hôtellerie et Tourisme, hôtellerie / service client,Senior
Business Development & Marketing Manager,VOX Agency,"Ngor Virage Immeuble Tall 55, Dakar, Sénégal",CDD,2025-05-06,Commerce et Vente,gestion / commerce business development,Senior
05 Agents agricoles,Agence Hybride.,"Noto, Thiès, Sénégal",Prestation de Services,2025-05-06,Recrutement et Ressources Humaines,agriculture / environnement,Junior
02 techniciens de surface,Agence Hybride,"Dakar, Sénégal",CDD,2025-05-06,Technologie et Numérique,nettoyage / maintenance,Junior
Commercial(e) téléopérateur(trice) en BTP,Reselform SARL,"Dakar, Sénégal",CDD,2025-05-06,Technologie et Numérique, commerce / marketing BTP,Junior
Offshore Marine G.P Operator,MODEC,"Dakar, Sénégal",CDD,2025-05-05,Énergie et Mines,ingénierie / opérations,Junior
Cost Controller Analyst,MODEC,"Dakar, Sénégal",CDD,2025-05-05,Finance et Assurance, finance / contrôle de gestion,Mid
Boiler & Utility Operator_Offshore Maintenance,MODEC,"Dakar, Sénégal",CDD,2025-05-05,Énergie et Mines,ingénierie / maintenance,Junior
Technical and Quality Manager,International Staffing Company,"Dakar, Sénégal",CDD,2025-05-05,Technologie et Numérique,"gestion, qualité qhse",Senior
Superviseur de Fabrication/Metallurgiste,International Staffing Company,"Dakar, Sénégal",CDD,2025-05-05,Recrutement et Ressources Humaines,production / metallurgie,Mid
HR Officer,International Staffing Company,"Saint-Louis, Sénégal",CDD,2025-05-05,ONG et Développement International," ONG / humanitaire, ressources humaines",Mid
Chef de Chantier Ouvrage Génie Civil,GPF,"Dakar, Sénégal",CDD,2025-05-05,Recrutement et Ressources Humaines,bâtiment / ingénierie,Senior
Conducteurs Travaux Terrassement,GPF,"Dakar, Sénégal",CDD,2025-05-05,Recrutement et Ressources Humaines,bâtiment / travaux publics,Junior
Ingénieur travaux electricité,GBG,"Dakar, Sénégal",CDD,2025-05-05,Technologie et Numérique,"informatique / tech, bâtiment / ingénierie",Mid
Chargé de recrutement,Africa Global Logistics,"Dakar, Sénégal",CDD,2025-05-05,Recrutement et Ressources Humaines,"ressources humaines, logistique",Mid
Controleur de gestion,RPORTH,"Dakar, Sénégal",CDD,2025-05-05,Recrutement et Ressources Humaines,gestion,Senior
Agents de nettoyage,Amine Group,"Liberté 6, Dakar, Sénégal",CDI,2025-05-05,Autre,nettoyage / entretien,Junior
Vidéaste / Pilote de drone,Amine Group,"Liberté 6, Dakar, Sénégal",CDI,2025-05-05,Recrutement et Ressources Humaines,videaste ,Junior
Agent Commercial Logistique,Holly Trans Limited Sénégal,Médina rue 12 X Malick sy à coté de la mosquée Soninké.,CDD,2025-05-05,Transport et Logistique,commerce / marketing / logistique,Junior
Developpeur Web,"Prepo SASVOTRE SUCCES, NOTRE MISSION","Keur Massar, Dakar, Sénégal",Stage,2025-05-05,Technologie et Numérique,informatique / tech,Mid
Chauffeur VTC Yango et Heetch,Flotte Plus Sénégal,"Dakar, Sénégal",Prestation de Services,2025-05-05,Transport et Logistique,transport / mobilité,Junior
Concepteur/Développeur Contenus Marketing par E-mail,Chemtra Group,"Dakar, Sénégal",CDD,2025-05-04,Technologie et Numérique,commerce / marketing digital,Mid
10 Enquêteurs,Une entreprise de la place,"Dakar, Sénégal",Freelance,2025-05-04,Autre,études de marché / sondages,Junior
Mécanicien de Précision – Usine de Sindia,Sunda InternationalFaire de grandes réalisations sur la vaste plate-forme mondiale.,Sindia dans la région de Thiès,CDD,2025-05-03,Commerce et Vente, industrie / maintenance,Mid
Chargé de projet Web – Agence Digitale / Dakar,Senegal Leads,"Point E, Dakar",CDD,2025-04-30,Technologie et Numérique,informatique / tech / gestion de projet,Mid
Assistant Livreur,Sunda InternationalFaire de grandes réalisations sur la vaste plate-forme mondiale.,"Dakar, Sénégal",CDD,2025-04-29,Transport et Logistique, transport,Junior
Graphiste Print confirmé,Elite RHCabinet de recrutement,"Dakar, Sénégal",Prestation de Services,2025-04-29,Recrutement et Ressources Humaines, communication / design graphique,Mid
Commercial (H/F) BtoB,WEBTEL,"Dakar, Sénégal",CDD,2025-04-28,Service Client et Centres d'Appels,commerce / marketing,Mid
Magasinier,HEMISPHERE SARL,"Dakar, Sénégal",CDD,2025-04-28,Transport et Logistique, logistique / gestion de stock,Junior
Assistant(e) en Communication,Afric Management,"Dakar, Sénégal",CDD,2025-04-28,Recrutement et Ressources Humaines,communication,Junior
Représentant Commercial Partenaires Commerçants,Brio,"Dakar, Sénégal",Prestation de Services,2025-04-25,Finance et Assurance,commerce / marketing,Mid
Agent de Sécurité,Sunda InternationalFaire de grandes réalisations sur la vaste plate-forme mondiale.,"Cambérene, Dakar",CDD,2025-04-25,Commerce et Vente, sécurité ,Junior
Mécanicien Soudeur,Sunda InternationalFaire de grandes réalisations sur la vaste plate-forme mondiale.,"Mbour, Sindia",CDD,2025-04-25,Commerce et Vente, industrie / maintenance,Mid
Superviseur Audit Interne,Sunda InternationalFaire de grandes réalisations sur la vaste plate-forme mondiale.,"Dakar, Sénégal",CDD,2025-04-25,Finance et Assurance, finance / audit,Senior
Agent d’Inventaire de Stock Bilingue,Sunda InternationalFaire de grandes réalisations sur la vaste plate-forme mondiale.,"Sindia, Mbour, Sénégal",CDD,2025-04-25,Transport et Logistique, gestion de stock / logistique,Junior
Superviseur Contrôle Qualité,Sunda InternationalFaire de grandes réalisations sur la vaste plate-forme mondiale.,"Mbour, Sindia",CDD,2025-04-25,Commerce et Vente,qualité / contrôle industriel qhse,Mid
Superviseur Entrepôt Bilingue,Sunda InternationalFaire de grandes réalisations sur la vaste plate-forme mondiale.,"Mbour, Sindia",CDD,2025-04-25,Transport et Logistique,logistique / gestion d’entrepôt,Mid
Agent de Sécurité,Sunda InternationalFaire de grandes réalisations sur la vaste plate-forme mondiale.,"Mbour, Sindia",CDD,2025-04-25,ONG et Développement International,sécurité / ONG / humanitaire,Junior
Opérateur de Saisie Bilingue,Sunda InternationalFaire de grandes réalisations sur la vaste plate-forme mondiale.,"Cambérène, Dakar",CDD,2025-04-25,ONG et Développement International,administratif / ONG / humanitaire,Junior
Gestionnaire de stock,"La Laiterie du BergerGueum Gueum, Royukaay, Performer","Richard Toll, Sénégal",CDI,2025-04-25,Technologie et Numérique,gestion / informatique / logistique,Mid
Responsable Maintenance,"La Laiterie du BergerGueum Gueum, Royukaay, Performer","Richard Toll, Sénégal",CDI,2025-04-25,Technologie et Numérique,maintenance / informatique,Senior
Commerciaux Sédentaires Experts en Prise de RDV B to B,SENEGAL LEADS,"Dakar, Sénégal",Freelance,2025-04-24,Service Client et Centres d'Appels,commerce / vente B2B,Senior
Directeur(trice) Adjoint(e) Mali du MeLiTeJi WASU,"La Laiterie du BergerGueum Gueum, Royukaay, Performer",Mali,Prestation de Services,2025-04-23,Agriculture et Agroalimentaire, gestion,Senior
Téléconseillers en prise de rendez-vous B to B – Dakar,SENEGAL LEADS,"Point E, Dakar, Sénégal",Freelance,2025-04-22,Service Client et Centres d'Appels,télévente / commerce,Junior
