title,company,location,job_type,date_posted
Docteur en pharmacie,Pharmacie Gambetta,"114 Avenue Lamine Gueye, Dakar, Sénégal (à côté Centre commercial Touba Sandaga)",CDD,Publié le 19 mai 2025
Commercial Terrain,Tabasite,"Dakar, Sénégal",CDD,Publié le 19 mai 2025
Appel d’offres visant la sélection d’une compagnie d’assurance pour la prise en charge de la couverture maladie du personnel de MAG International,MAG International,"Dakar, Sénégal",Prestation de Services,Publié le 19 mai 2025
Community manager,"KaliaKalia est une société de construction, promotion et gestion immo","Point E, Dakar",Stage,Publié le 19 mai 2025
Agents en Prise de Rendez-vous (Déshumidificateur d’air),AMK CALL,"Zac Mbao, Cité Serigne Babacar Sy",Prestation de Services,Publié le 19 mai 2025
Superviseur/Responsable d’équipe en TLV,SHY Performance SénégalSHY Performance Sénégal,Sénégal,CDI,Publié le 19 mai 2025
Vendeur/se en boutique de luxe,SODILUXE,"Dakar, Sénégal",CDD,Publié le 19 mai 2025
Chargé.e D’Évaluation Senior,IMPACT Initiatives,"Dakar, Sénégal",CDD,Publié le 19 mai 2025
Analyste sénior,IMPACT Initiatives,"Dakar, Sénégal",CDD,Publié le 19 mai 2025
Responsable contrôle de gestion,Topwork,"Dakar, Sénégal",CDD,Publié le 19 mai 2025
Formation – ONG EHI PARIS,ONG EHI Paris,"Almadies, Dakar",CDI,Publié le 19 mai 2025
Sales & Field Operations Manager,RMO SN,"Dakar, Sénégal",CDD,Publié le 19 mai 2025
Operations & Logistics Manager,RMO SN,"Dakar, Sénégal",CDD,Publié le 19 mai 2025
Customer Care Manager,RMO SN,"Dakar, Sénégal",CDD,Publié le 19 mai 2025
Finance Manager,RMO SN,"Dakar, Sénégal",CDD,Publié le 19 mai 2025
HR Manager,RMO SN,"Dakar, Sénégal",CDD,Publié le 19 mai 2025
Chef Comptable,SERVTEC Sénégal,"Dakar, Sénégal",CDD,Publié le 19 mai 2025
Responsable chargé d’investissement et de financement,CCBM,"Dakar, Sénégal",CDD,Publié le 19 mai 2025
Responsable événement et animation,CCBM,"Dakar, Sénégal",CDD,Publié le 19 mai 2025
Agent commercial de terrain,Mandarine,"Dakar, Sénégal",CDD,Publié le 19 mai 2025
Chef Comptable,Enko Education,"Dakar, Sénégal",CDD,Publié le 19 mai 2025
Professeur SVT,CSMH,"Dakar, Sénégal",CDD,Publié le 19 mai 2025
Coordinateur Pédagogique et Educatif,CSMH,"Dakar, Sénégal",CDD,Publié le 19 mai 2025
HCD Center Program Manager,CorpsAfrica,"Dakar, Sénégal",CDD,Publié le 19 mai 2025
"Regional Associate – Malaria Management, Strategy and Financing Malaria and NTDs",CHAI,"Dakar, Sénégal",CDD,Publié le 19 mai 2025
Consultant Confirmé Stratégie et Opérations,Deloitte,"Dakar, Sénégal",CDD,Publié le 19 mai 2025
Business développeur,"OLAM 'SocietyVotre suivi , notre préoccupation !!!","Dakar, Sénégal",Freelance,Publié le 19 mai 2025
Chauffeur VTC,B_Transport,Sénégal,Stage,Publié le 19 mai 2025
Commerciaux,Une compagnie d'assurance et banque,"Dakar, Sénégal",CDI,Publié le 19 mai 2025
"Stage d’adaptation, Stage académique ou scolaire – Non rémunéré",Grazeina Technologies,"LIberté 6 Extension VDN, Dakar, Sénégal",Stage,Publié le 19 mai 2025
Assistant(e) Technico-commercial(e) Réseaux Systèmes,Grazeina TechnologiesDisponibilité immédiate et a temps plein,"Liberté 6 Extension, VDN, Dakar, Sénégal",CDD,Publié le 18 mai 2025
Standardiste expérimenté(e) chargé(e) de la clientèle,GRAZEINA TECHNOLOGIES,"LIberté 6 Extension, VDN, Dakar, Sénégal",CDD,Publié le 18 mai 2025
Pharmacien,Group Eric Favre Invest,"Dakar, Sénégal",CDI,Publié le 17 mai 2025
Agents centre d’appel,Performance C,"Dakar, Sénégal",CDD,Publié le 17 mai 2025
Recrutement Cabinet ou Equipe de Consultants pour Etude Genre et Inclusion Sociale dans la chaine de valeur du lait local du Programme MELITEJI WASU au Senegal,"La Laiterie du BergerGueum Gueum, Royukaay, Performer",Sénégal,Prestation de Services,Publié le 16 mai 2025
HR Specialist,Dexintec SenegalFINTECH,"Dakar, Sénégal",CDD,Publié le 16 mai 2025
Superviseur Archiviste,Sunda InternationalFaire de grandes réalisations sur la vaste plate-forme mondiale.,"Dakar?, Sénégal",CDD,Publié le 16 mai 2025
Commercial(e),Elite RHCabinet de recrutement,"Dakar, Sénégal",Stage,Publié le 16 mai 2025
Chauffeur(e)- partenaire,Leave Sénégal,Sénégal,Prestation de Services,Publié le 16 mai 2025
Commercial / Immobilier,MSTAL SA,"Rufisque en face de Avisen, Dakar, Sénégal",CDD,Publié le 16 mai 2025
"Consultant chargé de la sensibilisation et de l’engagement des parties prenantes pour l’adoption de l’application « Prescribing Companion » ou « Assistant de Prescription », en santé humaine et animale",Fondation Mérieux,"Dakar, Sénégal",Prestation de Services,Publié le 16 mai 2025
Référent logistique,Solthis,"Dakar, Sénégal",CDD,Publié le 16 mai 2025
Attaché(e) aux affaires culturelles et éducatives,Délégation générale du Québec à Dakar,"Dakar, Sénégal",CDD,Publié le 16 mai 2025
Spécialiste en éducation aux médias et jeunesse,GIZ,"Dakar, Sénégal",CDD,Publié le 16 mai 2025
Chargé de Communication digitale,Profil SN,"Dakar, Sénégal",CDD,Publié le 16 mai 2025
Technicien.ne administratif.ve et comptable,ZedPay,"Dakar, Sénégal",CDD,Publié le 16 mai 2025
Responsable marketing,Institut Pasteur de Dakar,"Dakar, Sénégal",CDD,Publié le 16 mai 2025
Agent de d’entretien de bureaux,Forum des Educatrices Africaines (FAWE),"Sacrée cœur, Villa 177, Dakar",Prestation de Services,Publié le 16 mai 2025
"Chargé(e) du suivi, évaluation, apprentissage et redevabilité (SEAR) du projet Voix et leadership des femmes renouvelé (vlfr)",Oxfam,"Dakar, Sénégal",CDD,Publié le 16 mai 2025
Chargé(e) des Finances et des subventions du projet Voix et leadership des femmes renouvele (vlfr),Oxfam America,"Dakar, Sénégal",CDD,Publié le 16 mai 2025
Responsable Marketing & Communication,Afrety,"Dakar, Sénégal",CDD,Publié le 16 mai 2025
Project Officer,UNESCO,"Dakar, Sénégal",CDD,Publié le 16 mai 2025
Chef comptable,SERVTEC Sénégal,"Dakar, Sénégal",CDD,Publié le 16 mai 2025
Programme Manager,IOM,"Dakar, Sénégal",CDD,Publié le 16 mai 2025
Télévendeurs expérimentés,Société de la place,"Dakar, Sénégal",CDD,Publié le 16 mai 2025
"Business Developer H/F (Zones Nord, Centre et Sud)",Hygrospec,Sénégal,CDD,Publié le 15 mai 2025
Caissière,SENJABA,"Cité Gadaye, Guédiawaye",Prestation de Services,Publié le 15 mai 2025
Commercial(e) Séminaire expérimenté(e),Hôtel le Ndiambour,"Dakar, Sénégal",CDD,Publié le 15 mai 2025
Communications Officer – PINGS,Nutrition International,"Dakar, Sénégal",CDD,Publié le 15 mai 2025
Chauffeur Livreur,"MG TransportVotre succès en relation client, notre mission","Ouest Foire Marché serigne fallou, Dakar, Sénégal",CDD,Publié le 15 mai 2025
Monitoring and reporting Analyst,UN Women,"Dakar, Sénégal",CDD,Publié le 15 mai 2025
Roster Evaluation Consultant,UN Women,"Dakar, Sénégal",CDD,Publié le 15 mai 2025
Experte Mobilisation de Ressources pour le Développement Chaines de Valeurs agricoles en Afrique de l’Ouest,UN Women,"Dakar, Sénégal",CDD,Publié le 15 mai 2025
Vente de nems,Seck Business ServicesConstruisons ensemble votre succès,"Keur Massar, Dakar, Sénégal",Freelance,Publié le 15 mai 2025
Programme Associate,UN Women,"Dakar, Sénégal",CDD,Publié le 15 mai 2025
Chauffeur,UN Women,"Dakar, Sénégal",CDD,Publié le 15 mai 2025
Coordination Analyst,UN Women,"Dakar, Sénégal",CDD,Publié le 15 mai 2025
Camp de codage,UN Women,"Dakar, Sénégal",CDD,Publié le 15 mai 2025
Responsable Services Support,ACF International,"Dakar, Sénégal",CDD,Publié le 15 mai 2025
Manager Systems,Marriott International,"Dakar, Sénégal",CDD,Publié le 15 mai 2025
Assistante Administrative,GPF,"Dakar, Sénégal",CDD,Publié le 15 mai 2025
Chargé (e) de l’expérience client,"KaliaKalia est une société de construction, promotion et gestion immo","Dakar, Sénégal",CDD,Publié le 15 mai 2025
Superviseur de Production Bilingue,Sunda InternationalFaire de grandes réalisations sur la vaste plate-forme mondiale.,"Mbour, Sindia",CDD,Publié le 15 mai 2025
Intégrateurs Web polyvalents – Agence Digitale,SENEGAL LEADS,"Point E, Immeuble Ordre des Pharmaciens, Rue de Thies Angle rue de kaolak-Dakar",CDD,Publié le 15 mai 2025
Technicien conducteur de Process,"La Laiterie du BergerGueum Gueum, Royukaay, Performer","Sandiara, Sénégal",CDI,Publié le 15 mai 2025
Responsable Commercial Showroom,Importante Société de la Place,"Mbour, Sénégal",CDD,Publié le 15 mai 2025
Chef de Production Agricole,Malaika Holdings,"Yenne, Rufisque",CDD,Publié le 14 mai 2025
Commercial B2B (Services Informatiques),Une agence en place,"Dakar, Sénégal",Freelance,Publié le 14 mai 2025
Superviseur Food Safety,"La Laiterie du BergerGueum Gueum, Royukaay, Performer",Sandiara,CDI,Publié le 14 mai 2025
Tests Lead en Automatisation des Tests,Agiltoo,"Ouest Foire, Dakar",CDD,Publié le 14 mai 2025
Téléconseiller CPF,RESELFORM SARL,"Dakar, Sénégal",CDD,Publié le 14 mai 2025
Commercial terrain,NFD CompagniePour un éclat durable,"Cité Fadia, Dakar, Sénégal",Prestation de Services,Publié le 14 mai 2025
Responsable commercial,WANATRACK,"Bourguiba, Dakar, Sénégal",CDI,Publié le 14 mai 2025
Chef de projet,Une entreprise de la place,"Dakar, Sénégal",CDI,Publié le 14 mai 2025
Chargé(e) de projet Web,SENEGAL LEADS,"Dakar, Sénégal",CDD,Publié le 14 mai 2025
Chef d’Agence,International Staffing Company,"Dakar, Sénégal",CDD,Publié le 14 mai 2025
Commercial B2B,Une société de la place,"Dakar, Senegal",CDD,Publié le 14 mai 2025
Administrateur de programme principal,CRDI,"Dakar, Sénégal",CDD,Publié le 14 mai 2025
Spécialiste de Programme principal,CRDI,"Dakar, Sénégal",CDD,Publié le 14 mai 2025
Business Developer Freelance,Sendigital Solutions,"Dakar, Sénégal",CDD,Publié le 14 mai 2025
Superintendant Rehabilitation,Eramet,"Dakar, Sénégal",CDD,Publié le 14 mai 2025
Stage – Assistant-e Service Mobilité Et Gestion De Carriere,MSF Sénégal,"Dakar, Sénégal",Stage,Publié le 14 mai 2025
Assistant(e) Achat Bilingue,Sunda InternationalFaire de grandes réalisations sur la vaste plate-forme mondiale.,"Mbour, Sindia",CDD,Publié le 14 mai 2025
Agents Commerciaux,Sunda InternationalFaire de grandes réalisations sur la vaste plate-forme mondiale.,"Cambérene, Dakar, Sénégal",CDD,Publié le 14 mai 2025
Territory Manager (Attaché(e) Commercial(e) de Zone),Vivo Energy,"Dakar, Sénégal",CDD,Publié le 14 mai 2025
Sales Administrator – English & French,AZA Finance,"Dakar, Sénégal",CDD,Publié le 14 mai 2025
Diesel Engine Senior Technician,SERVTEC,"Dakar, Sénégal",CDI,Publié le 14 mai 2025
Responsable d’Investissements,Michael Page,"Dakar, Sénégal",CDD,Publié le 14 mai 2025
Développeur fullstack,Senumerik,"Dakar, Sénégal",Stage,Publié le 14 mai 2025
Chargé(e) de Recrutement et de Formation,"AMD CorporateAdvising, Managing and Developing Corporate","Dakar, Sénégal",CDD,Publié le 14 mai 2025
Chargé(e) création de contenu / Community Manager,Grazeina Technologies,LIberté 6 Extension VDN,CDD,Publié le 14 mai 2025
Conducteurs d’engins pour le Canada,"AMD CorporateAdvising, Managing and Developing Corporate",Canada,CDD,Publié le 14 mai 2025
Dessinateur (trice),INTUITION AFRICA,"Dakar, Sénégal",Prestation de Services,Publié le 13 mai 2025
Commercial pour la vente de portes blindées,"Arrow Home GroupVotre maison, notre passion",Rue me 12 Malick Sy Dakar,Prestation de Services,Publié le 13 mai 2025
Commerciaux terrain,DIGITASSURE,"Dakar + Banlieue (Grand Yoff, Pikine, Guédiawaye, Rufisque, etc.)",Freelance,Publié le 13 mai 2025
Agent de sécurité,Fouta Poids Lourds,"Rond point Zac Mbao, Dakar, Sénégal",CDD,Publié le 13 mai 2025
Offre de Stage – Business Developer,PSV Operations,Remote,Stage,Publié le 13 mai 2025
Offre de Stage – Marketing & Design Graphique,PSV Operations,Remote,Stage,Publié le 13 mai 2025
Chargé(e) production et approvisionnement,ArrawTech,"Fann, Dakar, Sénégal",Stage,Publié le 13 mai 2025
Télévendeur – Courtier en Assurance,Santé Malin,"Dakar, Sénégal",CDD,Publié le 13 mai 2025
Consultancy – WASH Innovative Finance Specialist,UNICEF,"Dakar, Sénégal",CDD,Publié le 13 mai 2025
Program Development Manager,RMO Sénégal,"Dakar, Sénégal",CDD,Publié le 13 mai 2025
Graduate Program – Ingénieur(e) Travaux F/H,VINCI Construction,"Dakar, Sénégal",CDI,Publié le 13 mai 2025
Senior Airport Services Agent,Emirates,"Dakar, Sénégal",CDD,Publié le 13 mai 2025
Graphiste Print et Digital,ALIMA,"Dakar, Sénégal",CDD,Publié le 13 mai 2025
Agents de sécurité,Axess Sécurité,"Liberté 6, en face UNO",Stage,Publié le 13 mai 2025
Gérant de Poissonnerie – Spécialiste Documentation Export,Dailycatch.app,"Hann Maristes, Dakar, Sénégal",CDD,Publié le 13 mai 2025
"Regional Officer, Air Transport Development/Implementation Support",ICAO South American Regional Office,"Dakar, Sénégal",CDD,Publié le 13 mai 2025
Learning and culture Intern,Heifer International,"Dakar, Sénégal",Stage,Publié le 13 mai 2025
Economiste,FMI,"Dakar, Sénégal",CDD,Publié le 13 mai 2025
Chauffeur,FMI,"Dakar, Sénégal",CDD,Publié le 13 mai 2025
Senior Gender and Economic Inclusion Investment / Operations Officer,IFC,"Dakar, Sénégal",CDD,Publié le 13 mai 2025
Human Ressources Business Partner (HRBP),Sunda InternationalFaire de grandes réalisations sur la vaste plate-forme mondiale.,Sindia dans la région de Thiès,CDD,Publié le 12 mai 2025
Developpeur / Developpeuse WordPress,DACCORD SITUATIONDO MORE,"Dakar, Sénégal",CDD,Publié le 12 mai 2025
Téléprospecteur Freelance – Travail à distance – Commission uniquement,ADPPromotion du freelancing,"Saly, Sénégal",Freelance,Publié le 12 mai 2025
Téléconseillers expérimentés,SHY Performance SénégalSHY Performance Sénégal,"Mermoz, Les Voies de l'Alternance",CDD,Publié le 12 mai 2025
Agent Commercial,Holly Trans Limited,"Médina, Dakar, Sénégal",Stage,Publié le 12 mai 2025
Technicien Télécoms,Afric Management,"Matam, Sénégal",CDD,Publié le 12 mai 2025
OPC,Atyx,"Dakar, Sénégal",CDD,Publié le 12 mai 2025
Resource Development & Management Advisor,World Vision International,"Dakar, Sénégal",CDD,Publié le 12 mai 2025
Country Growth Operations Lead,Wave,"Dakar, Sénégal",CDD,Publié le 12 mai 2025
Country Launcher,Wave,"Dakar, Sénégal",CDD,Publié le 12 mai 2025
Agent technique opérationnel et activités externalisées,GBG,"Dakar, Sénégal",CDD,Publié le 12 mai 2025
Responsable animation marketing et activation sponsoring,GBG,"Dakar, Sénégal",CDD,Publié le 12 mai 2025
Assistant RH chargé de la paie,GBG,"Dakar, Sénégal",CDD,Publié le 12 mai 2025
Technicien contrôle opérationnel et fraude,GBG,"Dakar, Sénégal",CDD,Publié le 12 mai 2025
Procurement & Contract Management Consultant,Islamic Development Bank (IsDB),"Dakar, Sénégal",CDD,Publié le 12 mai 2025
Operations Analyst Consultant,Islamic Development Bank (IsDB),"Dakar, Sénégal",CDD,Publié le 12 mai 2025
Commercial Sénior,GPF,"Dakar, Sénégal",CDI,Publié le 12 mai 2025
Technico-Commercial BTP,RMO Sénégal,"Dakar, Sénégal",CDD,Publié le 12 mai 2025
Ingénieur Bureau d’étude électrique (chiffreur ayant exercé en bureau d’étude),ETSETS est une société de prestations de services évoluant égalemen,"Cité Keur Gorgui, Dakar, Sénégal",CDD,Publié le 12 mai 2025
Responsable QHSE – BTP,Batichimie,"Dakar, Sénégal",CDD,Publié le 12 mai 2025
Directeur Technique (H/F) – BTP,Batichimie,"Dakar, Sénégal",CDD,Publié le 12 mai 2025
Directeur Exécutif – BTP,Batichimie,"Dakar, Sénégal",CDD,Publié le 12 mai 2025
Coordonnateur (trice) national (e) de projet,OIT,"Dakar, Sénégal",CDD,Publié le 9 mai 2025
Programme Assistant Nutrition,WFP,"Dakar, Sénégal",CDD,Publié le 9 mai 2025
Agent HSE,Teranga Manpower,"Matam, Sénégal",CDD,Publié le 9 mai 2025
Comptable,Teranga Manpower,"Matam, Sénégal",CDD,Publié le 9 mai 2025
Assistant(e) de direction (Bilingue),Afri RHAfri RH,"Dakar, Sénégal",CDD,Publié le 9 mai 2025
Senior ERP Analayst,Topwork,"Dakar, Sénégal",CDD,Publié le 9 mai 2025
Chargé (e) de communication (Bilingue),Afri RH,"Dakar, Sénégal",CDD,Publié le 9 mai 2025
Programme and Policy Manager (Bilingue),Afri RH,"Dakar, Sénégal",CDD,Publié le 9 mai 2025
Chargé.e des financements institutionnels et des partenariats sous-régional,Secours Islamique,"Dakar, Sénégal",CDD,Publié le 9 mai 2025
Driver,UN Women,"Dakar, Sénégal",CDD,Publié le 9 mai 2025
Procurement and Logistics Assistant (Maternity Cover),IOM,"Dakar, Sénégal",CDD,Publié le 9 mai 2025
Communication Specialist Consultant,UN Women,"Dakar, Sénégal",CDD,Publié le 9 mai 2025
Chef d’atelier,GPF,"Dakar, Sénégal",CDD,Publié le 9 mai 2025
Controleur Qualité,"La Laiterie du BergerGueum Gueum, Royukaay, Performer","Sandiara, Dakar, Sénégal",CDI,Publié le 8 mai 2025
Technico Commercial,ENERGIA,"Dakar, Sénégal",CDI,Publié le 8 mai 2025
Agent marketing et affichage,Société sambe marketing,"Dakar, Sénégal",CDD,Publié le 8 mai 2025
Graphiste designer,Société sambe marketing,Sénégal,CDD,Publié le 8 mai 2025
Technico-Commerciaux,SMART ENERGIESConception et confection d'armoires électriques,Sénégal,CDD,Publié le 8 mai 2025
Agent d’élevage expérimenté,Agence Hybride.,"Noto, Thiès, Sénégal",Prestation de Services,Publié le 8 mai 2025
Chargé de la Clientèle,Prepdia,"Liberté 6, VDN",CDD,Publié le 8 mai 2025
Technicien Maintenance,Laiterie du Berger Entreprise Agro alimentaire,"Sandiara, Sénégal",CDD,Publié le 8 mai 2025
Regional Finance Manager SAHEL,Heifer International,"Dakar, Sénégal",CDD,Publié le 8 mai 2025
Regional MEL Manager SAHEL,Heifer International,"Dakar, Sénégal",CDD,Publié le 8 mai 2025
Equipment Maintenance Technician,Maersk,"Dakar, Sénégal",CDD,Publié le 8 mai 2025
Technico-Commercial Chimie (Segment traitement des eaux et mines),SOLEVO Group,"Dakar, Sénégal",CDI,Publié le 8 mai 2025
Graduate Associate Intern,Tony Blair Institute,"Dakar, Sénégal",Stage,Publié le 8 mai 2025
"Finance Lead, WAEMU",Mastercard Foundation,"Dakar, Sénégal",CDD,Publié le 8 mai 2025
Commercial immobilier,Green CitySociété de promotion immobiliére,"Mermoz, Dakar, Sénégal",CDD,Publié le 8 mai 2025
Responsable Placement et Etude Statistique Sante & Vie,WTW,"Dakar, Sénégal",CDD,Publié le 8 mai 2025
Guest Experience Expert,Marriott International,"Dakar, Sénégal",CDD,Publié le 8 mai 2025
Coordonnateur(trice) du projet Voix et leadership des femmes renouvele (vlfr),Oxfam America,"Dakar, Sénégal",CDD,Publié le 8 mai 2025
Développeur WordPress,NetSysteme Informatique,"Dakar, Sénégal",Stage,Publié le 8 mai 2025
(04) Conseillers call-center,NetSysteme Informatique,"Dakar, Sénégal",Stage,Publié le 8 mai 2025
(04) Commerciaux de terrain,NetSysteme Informatique,"Dakar, Sénégal",CDD,Publié le 8 mai 2025
Télévendeur,PHONIX-GROUP,"Cité Keur Goorgui, Dakar, Sénégal",CDD,Publié le 8 mai 2025
(04) Techniciens en électricité bâtiment,Netsysteme Informatique,"Ouest foire, Dakar , Sénégal",Stage,Publié le 8 mai 2025
Superviseur Comptable Bilingue,Sunda InternationalFaire de grandes réalisations sur la vaste plate-forme mondiale.,"Cambérene, Dakar, Sénégal",CDD,Publié le 7 mai 2025
Stage en Gestion de projets climatiques,"Global TalentVotre Réussite, Notre Vision.","Dakar, Sénégal",Stage,Publié le 7 mai 2025
Responsable administratif et financier,Topwork,"Sindia, Sénégal",CDD,Publié le 7 mai 2025
Responsable Trade marketing,Topwork,"Dakar, Sénégal",CDD,Publié le 7 mai 2025
Contrôleur Interne de Gestion,Société de la place,Sénégal,CDD,Publié le 7 mai 2025
Animal Health Consultant,FAO,"Dakar, Sénégal",CDD,Publié le 7 mai 2025
F&B Service Expert,Four Points,"Dakar, Sénégal",CDD,Publié le 7 mai 2025
Ingénieur,RMO Sénégal,"Dakar, Sénégal",CDD,Publié le 7 mai 2025
"Senior Associate, Regional Procurement, Vaccines Market Team",CHAI,"Dakar, Sénégal",CDD,Publié le 7 mai 2025
Gestionnaire Comptable,Société de la place,"Dakar, Sénégal",CDD,Publié le 7 mai 2025
Agent HSE,GPF,"Dakar, Sénégal",CDD,Publié le 7 mai 2025
Assistant de Production,GPF,"Dakar, Sénégal",CDD,Publié le 7 mai 2025
Stage Infographie,INFOCOM SERVICES GROUPE,"Dakar, Sénégal",Stage,Publié le 7 mai 2025
Agent(e) de Vente de Services de Location de Voitures et Taxi,Yango,"Hann Maristes, Dakar, Sénégal",CDD,Publié le 7 mai 2025
Business Developer (Homme/Femme),TooMorrow Agency,Sénégal,Freelance,Publié le 7 mai 2025
Livreur Moto,James Services,"Rond Point Jet d'eau, Dakar, Sénégal",Prestation de Services,Publié le 7 mai 2025
Stagiaire Contrôle qualité,DBLU GROUP SAS,"Mermoz, Dakar, Sénégal",Stage,Publié le 6 mai 2025
Responsable Marketing et Stratégie,Carlcare Technology,"Dakar, Sénégal",CDD,Publié le 6 mai 2025
Superviseur de Projets,Teranga Manpower,"Dakar, Sénégal",CDD,Publié le 6 mai 2025
Stagiaire Infographe – Cameraman – Monteur,DESIGNERGO,Sénégal,Stage,Publié le 6 mai 2025
Journaliste attaché de presse,4helpg,Sénégal,CDD,Publié le 6 mai 2025
(08) Chauffeurs – urgent,"AMD CORPORATEAdvising, Managing and Developing Corporate",Sénégal,CDD,Publié le 6 mai 2025
Business Developement Assistant,BEOPENIT,"Dakar, Sénégal",Prestation de Services,Publié le 6 mai 2025
Personnel Logistics & HR Admin Assistant,MODEC,"Dakar, Sénégal",CDD,Publié le 6 mai 2025
Onshore Operation Engineer Junior,MODEC,"Dakar, Sénégal",CDD,Publié le 6 mai 2025
Offshore Production Operator,MODEC,"Dakar, Sénégal",CDD,Publié le 6 mai 2025
Junior SRE,Djamo,"Dakar, Sénégal",CDD,Publié le 6 mai 2025
Test Automation Engineer,Djamo,"Dakar, Sénégal",CDD,Publié le 6 mai 2025
Chef transit,Topwork,"Dakar, Sénégal",CDD,Publié le 6 mai 2025
(02) Déclarants signataires,Topwork,"Dakar, Sénégal",CDD,Publié le 6 mai 2025
02 Déclarants en douane,Topwork,"Dakar, Sénégal",CDD,Publié le 6 mai 2025
Chargé.e d’Évaluation Senior,IMPACT Initiatives,"Dakar, Sénégal",CDD,Publié le 6 mai 2025
Téléprospecteurs en rénovation d’ampleur,MMS Contact,Télétravail,Prestation de Services,Publié le 6 mai 2025
Assistant IPM (stage),International Staffing Company,"Dakar, Sénégal",Stage,Publié le 6 mai 2025
Captain,Marriott International,"Dakar, Sénégal",CDD,Publié le 6 mai 2025
Business Development & Marketing Manager,VOX Agency,"Ngor Virage Immeuble Tall 55, Dakar, Sénégal",CDD,Publié le 6 mai 2025
05 Agents agricoles,Agence Hybride.,"Noto, Thiès, Sénégal",Prestation de Services,Publié le 6 mai 2025
02 techniciens de surface,Agence Hybride,"Dakar, Sénégal",CDD,Publié le 6 mai 2025
Commercial(e) téléopérateur(trice) en BTP,Reselform SARL,"Dakar, Sénégal",CDD,Publié le 6 mai 2025
Offshore Marine G.P Operator,MODEC,"Dakar, Sénégal",CDD,Publié le 5 mai 2025
Cost Controller Analyst,MODEC,"Dakar, Sénégal",CDD,Publié le 5 mai 2025
Boiler & Utility Operator_Offshore Maintenance,MODEC,"Dakar, Sénégal",CDD,Publié le 5 mai 2025
Technical and Quality Manager,International Staffing Company,"Dakar, Sénégal",CDD,Publié le 5 mai 2025
Superviseur de Fabrication/Metallurgiste,International Staffing Company,"Dakar, Sénégal",CDD,Publié le 5 mai 2025
HR Officer,International Staffing Company,"Saint-Louis, Sénégal",CDD,Publié le 5 mai 2025
Chef de Chantier Ouvrage Génie Civil,GPF,"Dakar, Sénégal",CDD,Publié le 5 mai 2025
Conducteurs Travaux Terrassement,GPF,"Dakar, Sénégal",CDD,Publié le 5 mai 2025
Ingénieur travaux electricité,GBG,"Dakar, Sénégal",CDD,Publié le 5 mai 2025
Chargé de recrutement,Africa Global Logistics,"Dakar, Sénégal",CDD,Publié le 5 mai 2025
Controleur de gestion,RPORTH,"Dakar, Sénégal",CDD,Publié le 5 mai 2025
Agents de nettoyage,Amine Group,"Liberté 6, Dakar, Sénégal",CDI,Publié le 5 mai 2025
Vidéaste / Pilote de drone,Amine Group,"Liberté 6, Dakar, Sénégal",CDI,Publié le 5 mai 2025
Agent Commercial Logistique,Holly Trans Limited Sénégal,Médina rue 12 X Malick sy à coté de la mosquée Soninké.,CDD,Publié le 5 mai 2025
Developpeur Web,"Prepo SASVOTRE SUCCES, NOTRE MISSION","Keur Massar, Dakar, Sénégal",Stage,Publié le 5 mai 2025
Chauffeur VTC Yango et Heetch,Flotte Plus Sénégal,"Dakar, Sénégal",Prestation de Services,Publié le 5 mai 2025
Concepteur/Développeur Contenus Marketing par E-mail,Chemtra Group,"Dakar, Sénégal",CDD,Publié le 4 mai 2025
10 Enquêteurs,Une entreprise de la place,"Dakar, Sénégal",Freelance,Publié le 4 mai 2025
Mécanicien de Précision – Usine de Sindia,Sunda InternationalFaire de grandes réalisations sur la vaste plate-forme mondiale.,Sindia dans la région de Thiès,CDD,Publié le 3 mai 2025
Chargé de projet Web – Agence Digitale / Dakar,Senegal Leads,"Point E, Dakar",CDD,Publié le 30 avril 2025
Assistant Livreur,Sunda InternationalFaire de grandes réalisations sur la vaste plate-forme mondiale.,"Dakar, Sénégal",CDD,Publié le 29 avril 2025
Graphiste Print confirmé,Elite RHCabinet de recrutement,"Dakar, Sénégal",Prestation de Services,Publié le 29 avril 2025
Commercial (H/F) BtoB,WEBTEL,"Dakar, Sénégal",CDD,Publié le 28 avril 2025
Magasinier,HEMISPHERE SARL,"Dakar, Sénégal",CDD,Publié le 28 avril 2025
Assistant(e) en Communication,Afric Management,"Dakar, Sénégal",CDD,Publié le 28 avril 2025
Représentant Commercial Partenaires Commerçants,Brio,"Dakar, Sénégal",Prestation de Services,Publié le 25 avril 2025
Agent de Sécurité,Sunda InternationalFaire de grandes réalisations sur la vaste plate-forme mondiale.,"Cambérene, Dakar",CDD,Publié le 25 avril 2025
Mécanicien Soudeur,Sunda InternationalFaire de grandes réalisations sur la vaste plate-forme mondiale.,"Mbour, Sindia",CDD,Publié le 25 avril 2025
Superviseur Audit Interne,Sunda InternationalFaire de grandes réalisations sur la vaste plate-forme mondiale.,"Dakar, Sénégal",CDD,Publié le 25 avril 2025
Agent d’Inventaire de Stock Bilingue,Sunda InternationalFaire de grandes réalisations sur la vaste plate-forme mondiale.,"Sindia, Mbour, Sénégal",CDD,Publié le 25 avril 2025
Superviseur Contrôle Qualité,Sunda InternationalFaire de grandes réalisations sur la vaste plate-forme mondiale.,"Mbour, Sindia",CDD,Publié le 25 avril 2025
Superviseur Entrepôt Bilingue,Sunda InternationalFaire de grandes réalisations sur la vaste plate-forme mondiale.,"Mbour, Sindia",CDD,Publié le 25 avril 2025
Agent de Sécurité,Sunda InternationalFaire de grandes réalisations sur la vaste plate-forme mondiale.,"Mbour, Sindia",CDD,Publié le 25 avril 2025
Agent d’Inventaire de Stock Bilingue,Sunda InternationalFaire de grandes réalisations sur la vaste plate-forme mondiale.,"Sindia, Mbour, Sénégal",CDD,Publié le 25 avril 2025
Opérateur de Saisie Bilingue,Sunda InternationalFaire de grandes réalisations sur la vaste plate-forme mondiale.,"Cambérène, Dakar",CDD,Publié le 25 avril 2025
Gestionnaire de stock,"La Laiterie du BergerGueum Gueum, Royukaay, Performer","Richard Toll, Sénégal",CDI,Publié le 25 avril 2025
Responsable Maintenance,"La Laiterie du BergerGueum Gueum, Royukaay, Performer","Richard Toll, Sénégal",CDI,Publié le 25 avril 2025
Commerciaux Sédentaires Experts en Prise de RDV B to B,SENEGAL LEADS,"Dakar, Sénégal",Freelance,Publié le 24 avril 2025
Directeur(trice) Adjoint(e) Mali du MeLiTeJi WASU,"La Laiterie du BergerGueum Gueum, Royukaay, Performer",Mali,Prestation de Services,Publié le 23 avril 2025
Téléconseillers en prise de rendez-vous B to B – Dakar,SENEGAL LEADS,"Point E, Dakar, Sénégal",Freelance,Publié le 22 avril 2025
